cooalpha,codalpha,commodity_code,statreg,eligibility,use,perref,statvalue,netmass,suppunit,month,year
AD,AD,84717098,1,e1,u10,202201,11623,8,48.0,01,2022
AD,AD,85235200,1,e1,u10,202201,21279,2,7.0,01,2022
AD,AD,85309000,1,e1,u10,202201,21030,370,0.0,01,2022
AD,ES,85235200,1,e1,u10,202201,152149,807,146821.0,01,2022
AD,FR,85423310,1,e1,u10,202201,1233,1,0.0,01,2022
AD,KR,85311030,1,e3,u11,202201,2346,22,16.0,01,2022
AD,KR,90271010,1,e1,u10,202201,92821,999,471.0,01,2022
AD,KR,90279000,1,e1,u10,202201,9066,101,0.0,01,2022
AE,AE,01063100,1,e1,u10,202201,21005,141,32.0,01,2022
AE,AE,04029910,1,e1,u11,202201,2386,515,0.0,01,2022
AE,AE,07129090,1,e1,u11,202201,19656,3570,0.0,01,2022
AE,AE,07132000,1,e1,u10,202201,17803,24000,0.0,01,2022
AE,AE,07133100,1,e1,u10,202201,100006,99000,0.0,01,2022
AE,AE,08029990,1,e1,u11,202201,918,107,0.0,01,2022
AE,AE,08041000,1,e1,u11,202201,659289,467654,0.0,01,2022
AE,AE,08134095,1,e1,u11,202201,11684,1200,0.0,01,2022
AE,AE,09012100,1,e1,u11,202201,3722,674,0.0,01,2022
AE,AE,09023000,1,e1,u10,202201,22806,1654,0.0,01,2022
AE,AE,09024000,1,e1,u10,202201,76861,10794,0.0,01,2022
AE,AE,09109190,1,e1,u10,202201,148357,30450,0.0,01,2022
AE,AE,10063027,1,e1,u11,202201,212305,240000,0.0,01,2022
AE,AE,12040090,1,e1,u10,202201,36843,43800,0.0,01,2022
AE,AE,12119086,1,e1,u10,202201,2277,715,0.0,01,2022
AE,AE,15180095,1,e1,u11,202201,15573,23520,0.0,01,2022
AE,AE,18062095,1,e1,u11,202201,5622,2310,0.0,01,2022
AE,AE,18063100,1,e1,u11,202201,22453,3450,0.0,01,2022
AE,AE,19053211,1,e1,u11,202201,55440,12271,0.0,01,2022
AE,AE,19059030,1,e1,u11,202201,49898,95968,0.0,01,2022
AE,AE,20091200,2,e1,uzz,202201,6137,3760,0.0,01,2022
AE,AE,20095090,2,e1,uzz,202201,313,1053,0.0,01,2022
AE,AE,20097199,2,e1,uzz,202201,4834,4402,0.0,01,2022
AE,AE,20098936,2,e1,uzz,202201,2120,2255,0.0,01,2022
AE,AE,21069092,2,e1,uzz,202201,102630,6418,0.0,01,2022
AE,AE,21069098,1,e1,u11,202201,59281,23795,0.0,01,2022
AE,AE,22021000,1,e1,u11,202201,13527,50819,50819.0,01,2022
AE,AE,22021000,2,e1,uzz,202201,4485,2148,19940.0,01,2022
AE,AE,22029100,1,e1,u10,202201,19110,48000,48000.0,01,2022
AE,AE,22029911,1,e1,u11,202201,2709,16620,16620.0,01,2022
AE,AE,22083011,1,e1,u10,202201,17088,1544,1536.0,01,2022
AE,AE,22084011,1,e1,u11,202201,1631,498,192.0,01,2022
AE,AE,24031990,1,e1,u11,202201,1667,24,0.0,01,2022
AE,AE,25162000,1,e1,u10,202201,87676,216000,0.0,01,2022
AE,AE,27101921,1,e1,u10,202201,96488370,162295331,0.0,01,2022
AE,AE,27101943,1,e1,u10,202201,28599368,58637269,0.0,01,2022
AE,AE,27101981,1,e1,u11,202201,39175,23710,28300.0,01,2022
AE,AE,27102090,1,e1,u11,202201,108998,70473,0.0,01,2022
AE,AE,27129099,1,e1,u10,202201,12863,5914,0.0,01,2022
AE,AE,28363000,1,e1,u11,202201,39923,21600,0.0,01,2022
AE,AE,29071510,1,e1,u10,202201,32601,3000,0.0,01,2022
AE,AE,29094100,1,e1,u11,202201,16555,11655,0.0,01,2022
AE,AE,32099000,1,e1,u11,202201,2632,197,0.0,01,2022
AE,AE,33011290,1,e1,u10,202201,2469,1,0.0,01,2022
AE,AE,33012949,1,e1,u10,202201,121175,48,0.0,01,2022
AE,AE,33012991,1,e1,u10,202201,4561,2097,0.0,01,2022
AE,AE,33019090,1,e1,u10,202201,1294,15,0.0,01,2022
AE,AE,33021090,1,e1,u10,202201,4059,1548,0.0,01,2022
AE,AE,33029090,1,e1,u10,202201,12525,1047,0.0,01,2022
AE,AE,33030010,1,e1,u10,202201,604962,50537,0.0,01,2022
AE,AE,33030090,1,e1,u10,202201,139240,9693,0.0,01,2022
AE,AE,33049900,1,e1,u10,202201,4584,173,0.0,01,2022
AE,AE,33051000,1,e1,u10,202201,5003,883,0.0,01,2022
AE,AE,33059000,1,e1,u10,202201,324088,58658,0.0,01,2022
AE,AE,33061000,1,e1,u10,202201,100460,30856,0.0,01,2022
AE,AE,33072000,1,e1,u11,202201,11426,1315,0.0,01,2022
AE,AE,33074100,1,e1,u11,202201,9669,1246,0.0,01,2022
AE,AE,33074900,1,e1,u11,202201,3275,2167,0.0,01,2022
AE,AE,33079000,1,e1,u11,202201,124662,5590,0.0,01,2022
AE,AE,34011100,1,e1,u10,202201,6523,1532,0.0,01,2022
AE,AE,34029090,1,e1,u11,202201,951,40,0.0,01,2022
AE,AE,35061000,1,e1,u11,202201,2479,320,0.0,01,2022
AE,AE,36069090,1,e1,u10,202201,12186,8417,0.0,01,2022
AE,AE,38089990,1,e1,u11,202201,29481,5970,0.0,01,2022
AE,AE,38200000,1,e1,u10,202201,2287,716,0.0,01,2022
AE,AE,38221900,1,e1,u10,202201,14102,16,0.0,01,2022
AE,AE,38229000,1,e1,u10,202201,145992,487,0.0,01,2022
AE,AE,39011010,1,e1,u11,202201,339549,282130,0.0,01,2022
AE,AE,39011090,1,e1,u11,202201,139456,86400,0.0,01,2022
AE,AE,39021000,1,e1,u11,202201,137389,102000,0.0,01,2022
AE,AE,39029020,1,e1,u10,202201,100169,195000,0.0,01,2022
AE,AE,39076900,1,e1,u11,202201,12154,53140,0.0,01,2022
AE,AE,39079110,1,e1,u11,202201,42989,24900,0.0,01,2022
AE,AE,39095090,1,e1,u11,202201,172422,50400,0.0,01,2022
AE,AE,39123985,1,e1,u11,202201,8549,1051,0.0,01,2022
AE,AE,39172310,1,e1,u11,202201,2269,1729,0.0,01,2022
AE,AE,39172900,1,e1,u11,202201,90991,13962,0.0,01,2022
AE,AE,39173200,1,e1,u11,202201,9123,7235,0.0,01,2022
AE,AE,39173900,1,e1,u11,202201,100800,53200,0.0,01,2022
AE,AE,39174000,1,e1,u11,202201,2421,137,0.0,01,2022
AE,AE,39203000,1,e1,u11,202201,6454,2882,0.0,01,2022
AE,AE,39204910,1,e1,u11,202201,36172,19531,0.0,01,2022
AE,AE,39206290,1,e1,u11,202201,26908,26824,0.0,01,2022
AE,AE,39211900,1,e1,u11,202201,42052,1088,0.0,01,2022
AE,AE,39219090,1,e1,u11,202201,39347,18048,0.0,01,2022
AE,AE,39229000,1,e1,u11,202201,57376,4350,0.0,01,2022
AE,AE,39232100,1,e1,u11,202201,193032,313298,0.0,01,2022
AE,AE,39232990,1,e1,u11,202201,85417,160880,0.0,01,2022
AE,AE,39233090,1,e1,u11,202201,8775,4800,400.0,01,2022
AE,AE,39235090,1,e1,u11,202201,1682,631,0.0,01,2022
AE,AE,39235090,2,e1,uzz,202201,1011,11,0.0,01,2022
AE,AE,39239000,1,e1,u11,202201,298261,149437,0.0,01,2022
AE,AE,39241000,1,e1,u11,202201,22108,8214,0.0,01,2022
AE,AE,39249000,1,e1,u11,202201,38192,6485,0.0,01,2022
AE,AE,39251000,1,e1,u11,202201,24185,2787,0.0,01,2022
AE,AE,39252000,1,e1,u11,202201,6016,660,60.0,01,2022
AE,AE,39253000,1,e1,u11,202201,11488,1512,0.0,01,2022
AE,AE,39259020,1,e1,u11,202201,76394,37907,0.0,01,2022
AE,AE,39269050,1,e1,u11,202201,7547,302,0.0,01,2022
AE,AE,39269097,1,e1,u11,202201,26730,8509,0.0,01,2022
AE,AE,40028000,1,e1,u10,202201,27798,1833,0.0,01,2022
AE,AE,40030000,1,e1,u10,202201,20380,13700,0.0,01,2022
AE,AE,40081100,1,e1,u11,202201,2746,276,0.0,01,2022
AE,AE,40092200,1,e1,u11,202201,2000,3108,0.0,01,2022
AE,AE,40112090,1,e1,u11,202201,160036,25663,364.0,01,2022
AE,AE,40122000,1,e1,u11,202201,14188,12680,1100.0,01,2022
AE,AE,40169100,1,e1,u11,202201,53895,48900,0.0,01,2022
AE,AE,40169300,1,e1,u11,202201,10511,100,0.0,01,2022
AE,AE,42021990,1,e1,u11,202201,19145,3219,0.0,01,2022
AE,AE,42022100,1,e1,u11,202201,6033,8,10.0,01,2022
AE,AE,42029900,1,e1,u11,202201,12154,1718,0.0,01,2022
AE,AE,44029000,1,e1,u10,202201,1373,316,0.0,01,2022
AE,AE,44092999,1,e1,u10,202201,1357,350,0.0,01,2022
AE,AE,44170000,1,e1,u10,202201,3420,111,0.0,01,2022
AE,AE,44182190,1,e1,u10,202201,35462,2662,370.0,01,2022
AE,AE,44182950,1,e1,u10,202201,2686,5690,170.0,01,2022
AE,AE,44182980,1,e1,u10,202201,111531,9878,164.0,01,2022
AE,AE,48030031,1,e1,u10,202201,60273,43248,0.0,01,2022
AE,AE,48030039,1,e1,u10,202201,29067,21624,0.0,01,2022
AE,AE,48114190,1,e1,u10,202201,6270,428,0.0,01,2022
AE,AE,48171000,1,e1,u10,202201,19434,10334,0.0,01,2022
AE,AE,48191000,1,e1,u10,202201,20436,15160,0.0,01,2022
AE,AE,48192000,1,e1,u10,202201,40142,34892,0.0,01,2022
AE,AE,48193000,1,e1,u10,202201,29539,19479,0.0,01,2022
AE,AE,48194000,1,e1,u10,202201,637633,417296,0.0,01,2022
AE,AE,48195000,1,e1,u10,202201,23427,12554,0.0,01,2022
AE,AE,48195000,2,e1,u10,202201,1016,11,0.0,01,2022
AE,AE,48202000,1,e1,u10,202201,1589,664,0.0,01,2022
AE,AE,48203000,1,e1,u10,202201,6211,1375,0.0,01,2022
AE,AE,48209000,1,e1,u10,202201,1398,399,0.0,01,2022
AE,AE,48211090,1,e1,u10,202201,7139,1005,0.0,01,2022
AE,AE,48219090,1,e1,u10,202201,2639,126,0.0,01,2022
AE,AE,48236910,1,e1,u10,202201,189169,120854,0.0,01,2022
AE,AE,48236990,1,e1,u10,202201,81382,19307,0.0,01,2022
AE,AE,48239085,1,e1,u10,202201,11479,7490,0.0,01,2022
AE,AE,49011000,1,e1,u10,202201,22912,2610,0.0,01,2022
AE,AE,49019900,1,e1,u10,202201,1010973,384546,0.0,01,2022
AE,AE,49090000,1,e1,u10,202201,1028,4,0.0,01,2022
AE,AE,49111010,1,e1,u10,202201,17368,1499,0.0,01,2022
AE,AE,49119900,1,e1,u10,202201,151204,8718,0.0,01,2022
AE,AE,51113080,1,e1,u11,202201,24804,8196,48203.0,01,2022
AE,AE,54049090,1,e1,u10,202201,239894,79000,0.0,01,2022
AE,AE,55129990,1,e1,u11,202201,2243,126,1622.0,01,2022
AE,AE,57019090,1,e1,u10,202201,865,1320,240.0,01,2022
AE,AE,58071010,1,e1,u11,202201,2253,239,0.0,01,2022
AE,AE,61034300,1,e1,u11,202201,9740,552,2192.0,01,2022
AE,AE,61043200,1,e1,u11,202201,1162,92,200.0,01,2022
AE,AE,61044200,1,e1,u11,202201,3082,111,379.0,01,2022
AE,AE,61044300,1,e1,u11,202201,51286,1632,4672.0,01,2022
AE,AE,61045300,1,e1,u11,202201,10388,324,1008.0,01,2022
AE,AE,61046200,1,e1,u11,202201,3729,269,1074.0,01,2022
AE,AE,61046300,1,e1,u11,202201,4462,172,903.0,01,2022
AE,AE,61083900,1,e1,u11,202201,10097,283,1193.0,01,2022
AE,AE,61091000,1,e1,u11,202201,4747,300,1331.0,01,2022
AE,AE,61099020,1,e1,u11,202201,10721,548,2684.0,01,2022
AE,AE,61099090,1,e1,u11,202201,10294,408,1793.0,01,2022
AE,AE,61102091,1,e1,u11,202201,1819,95,265.0,01,2022
AE,AE,61103091,1,e1,u11,202201,5709,226,826.0,01,2022
AE,AE,61112090,1,e1,u11,202201,13176,472,0.0,01,2022
AE,AE,61113090,1,e1,u11,202201,4280,91,0.0,01,2022
AE,AE,62014010,1,e1,u11,202201,18753,472,2054.0,01,2022
AE,AE,62024010,1,e1,u11,202201,2889,71,324.0,01,2022
AE,AE,62034231,1,e1,u11,202201,12334,643,770.0,01,2022
AE,AE,62034390,1,e1,u11,202201,30734,1599,2994.0,01,2022
AE,AE,62043100,1,e1,u11,202201,60683,1529,2217.0,01,2022
AE,AE,62044100,1,e1,u11,202201,48916,1455,2110.0,01,2022
AE,AE,62044200,1,e1,u11,202201,13118,428,2145.0,01,2022
AE,AE,62044300,1,e1,u11,202201,64404,1776,7190.0,01,2022
AE,AE,62045100,1,e1,u11,202201,25620,1716,1184.0,01,2022
AE,AE,62046185,1,e1,u11,202201,31803,2168,2018.0,01,2022
AE,AE,62052000,1,e1,u11,202201,2202,82,125.0,01,2022
AE,AE,62063000,1,e1,u11,202201,27019,846,3513.0,01,2022
AE,AE,62064000,1,e1,u11,202201,142090,2518,17142.0,01,2022
AE,AE,62092000,1,e1,u11,202201,5314,180,0.0,01,2022
AE,AE,62093000,1,e1,u11,202201,4250,96,0.0,01,2022
AE,AE,62104000,1,e1,u11,202201,1339,27,0.0,01,2022
AE,AE,62105000,1,e1,u11,202201,35937,3663,0.0,01,2022
AE,AE,62111100,1,e1,u11,202201,9642,202,1918.0,01,2022
AE,AE,62114390,1,e1,u11,202201,13458,269,0.0,01,2022
AE,AE,62144000,1,e1,u11,202201,4428,422,1.0,01,2022
AE,AE,63011000,1,e1,u11,202201,3585,1676,300.0,01,2022
AE,AE,63014090,1,e1,u11,202201,2928,260,1.0,01,2022
AE,AE,63019090,1,e1,u11,202201,14302,2405,300.0,01,2022
AE,AE,63023100,2,e1,uzz,202201,12683,227,0.0,01,2022
AE,AE,63026000,2,e1,uzz,202201,3195,14,0.0,01,2022
AE,AE,63039100,1,e1,u11,202201,62084,13049,10660.0,01,2022
AE,AE,63039910,1,e1,u11,202201,3554,670,1.0,01,2022
AE,AE,63039990,1,e1,u11,202201,52817,10973,8222.0,01,2022
AE,AE,63049900,1,e1,u11,202201,1234,5,0.0,01,2022
AE,AE,63051090,1,e1,u11,202201,1945,28,0.0,01,2022
AE,AE,63079098,1,e1,u11,202201,35195,4818,0.0,01,2022
AE,AE,63090000,1,e1,u11,202201,181352,30910,0.0,01,2022
AE,AE,63101000,1,e1,u10,202201,51508,102461,0.0,01,2022
AE,AE,64029996,1,e1,u11,202201,1030,1,1.0,01,2022
AE,AE,64029998,1,e1,u11,202201,1000,40,100.0,01,2022
AE,AE,64059090,1,e1,u11,202201,1253,20,1.0,01,2022
AE,AE,65050090,1,e1,u11,202201,1491,142,0.0,01,2022
AE,AE,68053000,1,e1,u10,202201,1560,212,0.0,01,2022
AE,AE,68069000,1,e1,u10,202201,54115,20397,0.0,01,2022
AE,AE,69049000,1,e1,u11,202201,1491,750,0.0,01,2022
AE,AE,69072100,1,e1,u11,202201,336396,1018743,44640.0,01,2022
AE,AE,69072200,1,e1,u11,202201,21992,66582,2939.0,01,2022
AE,AE,69072300,1,e1,u11,202201,175490,949934,59777.0,01,2022
AE,AE,69073000,1,e1,u11,202201,9233,4600,2400.0,01,2022
AE,AE,69074000,1,e1,u11,202201,73938,192128,8100.0,01,2022
AE,AE,69091900,1,e1,u11,202201,1966,11,0.0,01,2022
AE,AE,69101000,1,e1,u11,202201,1413169,989638,0.0,01,2022
AE,AE,69109000,1,e1,u11,202201,52925,24430,0.0,01,2022
AE,AE,69111000,1,e1,u11,202201,4431,699,0.0,01,2022
AE,AE,69119000,1,e1,u11,202201,15378,2919,0.0,01,2022
AE,AE,69120021,1,e1,u11,202201,10820,1061,0.0,01,2022
AE,AE,69139010,1,e1,u11,202201,3080,360,0.0,01,2022
AE,AE,69139098,1,e1,u11,202201,905,45,0.0,01,2022
AE,AE,70051080,1,e1,u10,202201,1189,150,7.0,01,2022
AE,AE,70109043,1,e1,u10,202201,1118794,2038575,7698990.0,01,2022
AE,AE,70109067,1,e1,u10,202201,2700,609,375000.0,01,2022
AE,AE,70131000,1,e1,u11,202201,1580,35,35.0,01,2022
AE,AE,70191200,1,e1,u11,202201,27870,21793,0.0,01,2022
AE,AE,71023900,1,e1,u10,202201,55266,0,16.0,01,2022
AE,AE,71039100,1,e1,u10,202201,118288,0,23.0,01,2022
AE,AE,71129200,1,e1,u10,202201,22978,1475,0.0,01,2022
AE,AE,71129900,1,e1,u10,202201,2946961,15349,0.0,01,2022
AE,AE,71131100,1,e1,u11,202201,2270,1,500.0,01,2022
AE,AE,71131900,1,e1,u11,202201,5385035,186,133818.0,01,2022
AE,AE,71131900,2,e1,uzz,202201,2003606,6257,46041.0,01,2022
AE,AE,71131900,3,e1,u11,202201,5056355,184,182240.0,01,2022
AE,AE,71132000,1,e1,u11,202201,11399,5,0.0,01,2022
AE,AE,71171100,1,e1,u11,202201,1184,1,0.0,01,2022
AE,AE,71179000,1,e1,u11,202201,22429,7,0.0,01,2022
AE,AE,72042110,1,e1,u10,202201,75471,38020,0.0,01,2022
AE,AE,72107080,1,e1,u10,202201,252325,194998,0.0,01,2022
AE,AE,72169900,1,e1,u10,202201,348712,107762,0.0,01,2022
AE,AE,72172090,1,e1,u10,202201,60485,50246,0.0,01,2022
AE,AE,72224010,1,e1,u10,202201,1456,22,0.0,01,2022
AE,AE,73044100,1,e1,u10,202201,2149,40,0.0,01,2022
AE,AE,73049000,1,e1,u10,202201,5554,255,0.0,01,2022
AE,AE,73063080,1,e1,u10,202201,72130,77426,0.0,01,2022
AE,AE,73066110,1,e1,u10,202201,190454,204126,0.0,01,2022
AE,AE,73066199,1,e1,u10,202201,18527,17558,0.0,01,2022
AE,AE,73069000,1,e1,u10,202201,721639,671819,0.0,01,2022
AE,AE,73079290,1,e1,u10,202201,1769,78,0.0,01,2022
AE,AE,73079910,1,e1,u10,202201,24576,1200,0.0,01,2022
AE,AE,73079980,1,e1,u10,202201,6717,167,0.0,01,2022
AE,AE,73081000,1,e1,u10,202201,34464,25000,0.0,01,2022
AE,AE,73082000,1,e1,u10,202201,1038,20,0.0,01,2022
AE,AE,73083000,1,e1,u10,202201,14916,640,5.0,01,2022
AE,AE,73084000,1,e1,u10,202201,4109840,3451281,0.0,01,2022
AE,AE,73089098,1,e1,u10,202201,209123,97559,0.0,01,2022
AE,AE,73110011,1,e1,u11,202201,3935,42,5.0,01,2022
AE,AE,73121081,1,e1,u10,202201,6585,4280,0.0,01,2022
AE,AE,73121083,1,e1,u10,202201,73928,39136,0.0,01,2022
AE,AE,73121085,1,e1,u10,202201,36331,22300,0.0,01,2022
AE,AE,73143100,1,e1,u10,202201,247782,151309,0.0,01,2022
AE,AE,73144900,1,e1,u10,202201,78503,50336,0.0,01,2022
AE,AE,73181558,1,e1,u10,202201,23240,22498,0.0,01,2022
AE,AE,73181595,1,e1,u10,202201,24714,22491,0.0,01,2022
AE,AE,73182900,1,e1,u10,202201,4019,572,0.0,01,2022
AE,AE,73209090,1,e1,u10,202201,2350,63,0.0,01,2022
AE,AE,73231000,1,e1,u10,202201,2628,357,0.0,01,2022
AE,AE,73259990,1,e1,u10,202201,17268,2138,0.0,01,2022
AE,AE,73269098,1,e1,u11,202201,45342,735,0.0,01,2022
AE,AE,74121000,1,e1,u10,202201,102443,9112,0.0,01,2022
AE,AE,74122000,1,e1,u10,202201,21193,2124,0.0,01,2022
AE,AE,74153300,1,e1,u10,202201,1767,195,0.0,01,2022
AE,AE,74198090,1,e1,u10,202201,8221,705,0.0,01,2022
AE,AE,75089000,1,e1,u10,202201,2775,1,0.0,01,2022
AE,AE,76011000,2,e1,uzz,202201,5317275,2201203,0.0,01,2022
AE,AE,76012020,2,e1,uzz,202201,1090083,471517,0.0,01,2022
AE,AE,76012080,1,e1,u11,202201,2367689,887465,0.0,01,2022
AE,AE,76020090,1,e1,u10,202201,45555,22741,0.0,01,2022
AE,AE,76069100,1,e1,u11,202201,109164,23092,0.0,01,2022
AE,AE,76071990,1,e1,u11,202201,12467,4717,0.0,01,2022
AE,AE,76082020,1,e1,u11,202201,8652,667,0.0,01,2022
AE,AE,76082081,1,e1,u11,202201,37827,11375,0.0,01,2022
AE,AE,76129030,1,e1,u11,202201,15661,23733,0.0,01,2022
AE,AE,76129080,1,e1,u11,202201,93144,14238,0.0,01,2022
AE,AE,76151030,1,e1,u11,202201,167614,74414,0.0,01,2022
AE,AE,76151080,2,e1,uzz,202201,1524,11,0.0,01,2022
AE,AE,76169100,1,e1,u11,202201,2372,336,0.0,01,2022
AE,AE,76169990,1,e1,u11,202201,16637,2850,0.0,01,2022
AE,AE,82079099,1,e1,u10,202201,2196,41,0.0,01,2022
AE,AE,82089000,1,e1,u10,202201,1556,1,0.0,01,2022
AE,AE,83011000,1,e1,u10,202201,1372,229,0.0,01,2022
AE,AE,83014090,2,e1,u10,202201,88263,628,0.0,01,2022
AE,AE,83017000,2,e1,u10,202201,1030,1,0.0,01,2022
AE,AE,83024110,1,e1,u10,202201,1734,10,0.0,01,2022
AE,AE,83052000,1,e1,u11,202201,1132,349,0.0,01,2022
AE,AE,83062900,1,e1,u10,202201,1321,271,0.0,01,2022
AE,AE,83111000,1,e1,u10,202201,25064,7168,0.0,01,2022
AE,AE,84079090,1,e1,u11,202201,3584,198,2.0,01,2022
AE,AE,84099100,1,e1,u11,202201,6180,20000,0.0,01,2022
AE,AE,84099900,1,e1,u11,202201,1161,38,0.0,01,2022
AE,AE,84119100,1,e1,u10,202201,1663,1,0.0,01,2022
AE,AE,84119900,1,e1,u10,202201,30080,37873,0.0,01,2022
AE,AE,84119900,2,e1,u10,202201,50644,162,0.0,01,2022
AE,AE,84122120,2,e1,uzz,202201,8973,7,0.0,01,2022
AE,AE,84122981,2,e1,uzz,202201,55694,28,0.0,01,2022
AE,AE,84129040,1,e1,u10,202201,5037,576,0.0,01,2022
AE,AE,84129080,1,e1,u10,202201,6045,28,0.0,01,2022
AE,AE,84132000,1,e1,u10,202201,126614,9621,188.0,01,2022
AE,AE,84136020,1,e1,u10,202201,4250,95,0.0,01,2022
AE,AE,84148059,1,e1,u11,202201,168062,19236,768.0,01,2022
AE,AE,84148078,1,e1,u11,202201,46717,12900,2.0,01,2022
AE,AE,84159000,1,e1,u11,202201,17058,1506,0.0,01,2022
AE,AE,84189910,1,e1,u10,202201,32988,3642,0.0,01,2022
AE,AE,84195020,1,e1,u10,202201,2550,189,0.0,01,2022
AE,AE,84195080,1,e1,u10,202201,89319,9051,0.0,01,2022
AE,AE,84199085,1,e1,u10,202201,7257,538,0.0,01,2022
AE,AE,84213915,1,e1,u10,202201,8272,538,0.0,01,2022
AE,AE,84219990,1,e1,u10,202201,4804,312,0.0,01,2022
AE,AE,84239010,1,e1,u10,202201,1292,983,0.0,01,2022
AE,AE,84248970,1,e1,u10,202201,4674,166,0.0,01,2022
AE,AE,84254200,1,e1,u10,202201,5405,286,22.0,01,2022
AE,AE,84283920,1,e1,u10,202201,22561,8830,0.0,01,2022
AE,AE,84314300,1,e1,u10,202201,33876,496,0.0,01,2022
AE,AE,84314300,2,e1,u10,202201,2030,5,0.0,01,2022
AE,AE,84314980,1,e1,u10,202201,1324,16,0.0,01,2022
AE,AE,84431970,1,e1,u10,202201,4408,70,1.0,01,2022
AE,AE,84439990,1,e1,u10,202201,3310,981,0.0,01,2022
AE,AE,84609000,1,e1,u10,202201,1300,24,2.0,01,2022
AE,AE,84678900,1,e1,u10,202201,8558,295,0.0,01,2022
AE,AE,84679900,1,e1,u10,202201,6586,121,0.0,01,2022
AE,AE,84713000,1,e1,u10,202201,223977,1304,820.0,01,2022
AE,AE,84716060,1,e1,u10,202201,1616,30,200.0,01,2022
AE,AE,84716070,1,e1,u10,202201,1806,100,340.0,01,2022
AE,AE,84717098,1,e1,u10,202201,3572,20,5.0,01,2022
AE,AE,84719000,1,e1,u10,202201,22908,31,456.0,01,2022
AE,AE,84733080,1,e1,u10,202201,8162,131,0.0,01,2022
AE,AE,84735080,1,e1,u10,202201,6450,4,0.0,01,2022
AE,AE,84749010,1,e1,u10,202201,48362,23285,0.0,01,2022
AE,AE,84798997,1,e1,u10,202201,40968,1783,0.0,01,2022
AE,AE,84799070,1,e1,u10,202201,42534,759,0.0,01,2022
AE,AE,84818099,1,e1,u11,202201,12266,362,0.0,01,2022
AE,AE,84819000,1,e1,u11,202201,11858,2370,0.0,01,2022
AE,AE,84836080,1,e1,u10,202201,18492,754,0.0,01,2022
AE,AE,84841000,1,e1,u10,202201,31265,350,0.0,01,2022
AE,AE,84879090,1,e1,u10,202201,3714,1800,0.0,01,2022
AE,AE,85016400,1,e1,u10,202201,9971,1,1.0,01,2022
AE,AE,85030099,1,e1,u11,202201,5344,412,0.0,01,2022
AE,AE,85042100,1,e1,u10,202201,88318,19375,9.0,01,2022
AE,AE,85042210,1,e1,u10,202201,217861,54600,12.0,01,2022
AE,AE,85042290,1,e1,u10,202201,97971,24800,4.0,01,2022
AE,AE,85044090,1,e1,u10,202201,1585,358,0.0,01,2022
AE,AE,85045000,1,e1,u10,202201,9101,248,0.0,01,2022
AE,AE,85072020,1,e1,u11,202201,71016,37289,1188.0,01,2022
AE,AE,85072080,1,e1,u11,202201,135321,56331,14107.0,01,2022
AE,AE,85098000,1,e1,u11,202201,1044,17,0.0,01,2022
AE,AE,85171300,1,e1,u10,202201,1873592,5903,12437.0,01,2022
AE,AE,85171400,1,e1,u10,202201,63873,332,830.0,01,2022
AE,AE,85171800,1,e1,u10,202201,302521,725,0.0,01,2022
AE,AE,85176200,1,e1,u10,202201,1171802,5248,0.0,01,2022
AE,AE,85176990,1,e1,u10,202201,2380,99,0.0,01,2022
AE,AE,85177900,1,e1,u10,202201,547325,1474,0.0,01,2022
AE,AE,85182100,1,e1,u10,202201,9689,270,797.0,01,2022
AE,AE,85183000,1,e1,u10,202201,1066,10,0.0,01,2022
AE,AE,85234990,1,e1,u10,202201,10378,123,1035.0,01,2022
AE,AE,85235200,1,e1,u10,202201,26591,179,31942.0,01,2022
AE,AE,85235990,1,e1,u10,202201,915,1,20.0,01,2022
AE,AE,85258900,1,e1,u10,202201,16593,50,424.0,01,2022
AE,AE,85285900,1,e1,u11,202201,2587,318,3.0,01,2022
AE,AE,85287115,1,e1,u10,202201,27254,1955,46.0,01,2022
AE,AE,85287220,1,e1,u11,202201,5000,1190,62.0,01,2022
AE,AE,85287230,1,e1,u11,202201,43000,7513,325.0,01,2022
AE,AE,85311095,1,e1,u11,202201,2337,141,10869.0,01,2022
AE,AE,85312095,1,e1,u10,202201,1679,16,0.0,01,2022
AE,AE,85318040,1,e1,u11,202201,1428,17,0.0,01,2022
AE,AE,85352100,1,e1,u11,202201,618814,79773,0.0,01,2022
AE,AE,85353010,1,e1,u11,202201,139443,18222,0.0,01,2022
AE,AE,85359000,1,e1,u11,202201,11620,6680,0.0,01,2022
AE,AE,85365080,1,e1,u10,202201,47933,7533,0.0,01,2022
AE,AE,85367000,1,e1,u11,202201,4675,1375,0.0,01,2022
AE,AE,85369001,1,e1,u10,202201,119176,12983,0.0,01,2022
AE,AE,85369010,1,e1,u10,202201,5796,750,0.0,01,2022
AE,AE,85371010,1,e1,u11,202201,143132,13088,0.0,01,2022
AE,AE,85371091,1,e1,u11,202201,20668,49,0.0,01,2022
AE,AE,85371098,1,e1,u11,202201,84317,30010,0.0,01,2022
AE,AE,85381000,1,e1,u10,202201,1779,230,0.0,01,2022
AE,AE,85389099,1,e1,u10,202201,12580,1584,0.0,01,2022
AE,AE,85392998,1,e1,u10,202201,1604,4,1.0,01,2022
AE,AE,85395200,1,e1,u10,202201,72981,1940,162180.0,01,2022
AE,AE,85412900,1,e1,u10,202201,1890,5,0.0,01,2022
AE,AE,85437090,1,e1,u11,202201,4317,39,0.0,01,2022
AE,AE,85441900,1,e1,u11,202201,7666,81,0.0,01,2022
AE,AE,85443000,1,e1,u10,202201,86381,2048,4098.0,01,2022
AE,AE,85443000,1,e1,u11,202201,713081,17331,0.0,01,2022
AE,AE,85444210,1,e1,u10,202201,1628895,306304,0.0,01,2022
AE,AE,85446010,1,e1,u11,202201,54308,10545,0.0,01,2022
AE,AE,85447000,1,e1,u10,202201,15174,136,0.0,01,2022
AE,AE,85479000,1,e1,u10,202201,4208,2839,0.0,01,2022
AE,AE,86079190,1,e1,u10,202201,26550,1975,0.0,01,2022
AE,AE,87032290,1,e1,u11,202201,65516,1795,1.0,01,2022
AE,AE,87032390,1,e1,u11,202201,123715,56292,31.0,01,2022
AE,AE,87032490,1,e1,u11,202201,43916,9355,4.0,01,2022
AE,AE,87033390,1,e1,u11,202201,30353,4800,2.0,01,2022
AE,AE,87081090,1,e1,u11,202201,4520,183,0.0,01,2022
AE,AE,87082990,1,e1,u11,202201,274801,36936,0.0,01,2022
AE,AE,87084050,1,e1,u11,202201,15451,28500,0.0,01,2022
AE,AE,87088099,1,e1,u11,202201,67762,15471,0.0,01,2022
AE,AE,87089135,1,e1,u11,202201,77649,6342,0.0,01,2022
AE,AE,87089199,1,e1,u11,202201,20051,1540,0.0,01,2022
AE,AE,87089291,1,e1,u11,202201,8265,316,0.0,01,2022
AE,AE,87089997,1,e1,u11,202201,414407,125758,0.0,01,2022
AE,AE,87113010,1,e1,u11,202201,9000,360,1.0,01,2022
AE,AE,87114000,1,e1,u11,202201,5458,710,1.0,01,2022
AE,AE,87115000,1,e1,u11,202201,42360,2023,5.0,01,2022
AE,AE,87119000,1,e1,u11,202201,33404,1112,4.0,01,2022
AE,AE,87120030,1,e1,u11,202201,12000,1142,36.0,01,2022
AE,AE,87169030,1,e1,u10,202201,26789,6406,0.0,01,2022
AE,AE,88073000,1,e1,u10,202201,94417,196,0.0,01,2022
AE,AE,89031900,1,e1,u10,202201,133331,2400,1.0,01,2022
AE,AE,90159000,1,e1,u10,202201,8162,2399,0.0,01,2022
AE,AE,90189020,2,e1,u10,202201,20383,5,0.0,01,2022
AE,AE,90222900,1,e1,u10,202201,19555,13,0.0,01,2022
AE,AE,90261081,1,e1,u10,202201,4806,127,1.0,01,2022
AE,AE,90275000,1,e1,u10,202201,4878,9,0.0,01,2022
AE,AE,90278990,1,e1,u10,202201,5407,35,0.0,01,2022
AE,AE,90279000,1,e1,u10,202201,1447,6,0.0,01,2022
AE,AE,90279000,2,e1,u10,202201,17626,115,0.0,01,2022
AE,AE,90282000,1,e1,u10,202201,944,13,1.0,01,2022
AE,AE,90319000,1,e1,u10,202201,2344,1,0.0,01,2022
AE,AE,90329000,1,e1,u11,202201,1892,17,0.0,01,2022
AE,AE,91019900,1,e1,u11,202201,930,1,1.0,01,2022
AE,AE,91021100,2,e1,uzz,202201,193665,0,2.0,01,2022
AE,AE,91022100,2,e1,uzz,202201,308616,0,1.0,01,2022
AE,AE,91029900,1,e1,u11,202201,10300,3,5.0,01,2022
AE,AE,92029080,1,e1,u11,202201,2407,422,2.0,01,2022
AE,AE,92079090,1,e1,u11,202201,4185,712,0.0,01,2022
AE,AE,94013900,1,e1,u10,202201,1651,3200,0.0,01,2022
AE,AE,94016100,1,e1,u10,202201,15650,52000,0.0,01,2022
AE,AE,94018000,1,e1,u10,202201,5569,850,0.0,01,2022
AE,AE,94019910,1,e1,u10,202201,158025,1379,0.0,01,2022
AE,AE,94019910,2,e1,u10,202201,89532,845,0.0,01,2022
AE,AE,94032080,1,e1,u10,202201,9388,4057,0.0,01,2022
AE,AE,94033099,1,e1,u10,202201,3040,197,0.0,01,2022
AE,AE,94034090,1,e1,u11,202201,6031,1058,0.0,01,2022
AE,AE,94035000,1,e1,u10,202201,124182,14983,0.0,01,2022
AE,AE,94036010,1,e1,u10,202201,1237988,162378,0.0,01,2022
AE,AE,94036090,1,e1,u10,202201,179212,57690,0.0,01,2022
AE,AE,94037000,1,e1,u10,202201,1920,124,0.0,01,2022
AE,AE,94039100,1,e1,u11,202201,1002,1121,0.0,01,2022
AE,AE,94039990,1,e1,u11,202201,5569,350,0.0,01,2022
AE,AE,94042190,2,e1,uzz,202201,2124,14,0.0,01,2022
AE,AE,94042990,2,e1,uzz,202201,10730,503,0.0,01,2022
AE,AE,94049090,1,e1,u11,202201,2853,586,0.0,01,2022
AE,AE,94051990,1,e1,u11,202201,181988,24021,0.0,01,2022
AE,AE,94052990,1,e1,u11,202201,4862,923,0.0,01,2022
AE,AE,94054139,1,e1,u11,202201,3981,1861,0.0,01,2022
AE,AE,94054990,1,e1,u11,202201,1108,255,0.0,01,2022
AE,AE,94055000,1,e1,u11,202201,874,132,0.0,01,2022
AE,AE,94059900,1,e1,u11,202201,26906,4499,0.0,01,2022
AE,AE,94069038,1,e1,u11,202201,206879,83201,0.0,01,2022
AE,AE,94069090,1,e1,u11,202201,73461,15785,0.0,01,2022
AE,AE,95030099,1,e1,u10,202201,2301,384,0.0,01,2022
AE,AE,95045000,1,e1,u10,202201,131140,1682,0.0,01,2022
AE,AE,95062900,1,e1,u11,202201,18330,665,0.0,01,2022
AE,AE,95069110,1,e1,u11,202201,1000,40,0.0,01,2022
AE,AE,95069990,1,e1,u11,202201,5158,1028,0.0,01,2022
AE,AE,96050000,1,e1,u10,202201,2000,88,0.0,01,2022
AE,AE,96083000,1,e1,u11,202201,2056,33,2500.0,01,2022
AE,AE,96170000,1,e1,u10,202201,1800,828,0.0,01,2022
AE,AE,96190040,1,e1,u10,202201,101415,62795,0.0,01,2022
AE,AE,97019100,1,e1,u10,202201,4881,1182,0.0,01,2022
AE,AE,97019900,1,e1,u10,202201,5002,22,0.0,01,2022
AE,AE,97039000,1,e1,u10,202201,62470,707,0.0,01,2022
AE,AT,95062900,1,e1,u11,202201,4788,99,0.0,01,2022
AE,BE,39014000,1,e1,u10,202201,264369,163625,0.0,01,2022
AE,BE,76109090,1,e1,u11,202201,4328,940,0.0,01,2022
AE,BE,76151080,2,e1,uzz,202201,22640,4946,0.0,01,2022
AE,BE,85312020,1,e1,u10,202201,4906,31,0.0,01,2022
AE,CH,27101999,1,e1,u11,202201,36552,27000,0.0,01,2022
AE,CN,40101200,1,e1,u11,202201,29695,18632,0.0,01,2022
AE,CN,76101000,1,e1,u11,202201,946,300,12.0,01,2022
AE,CO,49019900,1,e1,u10,202201,7167,246,0.0,01,2022
AE,CZ,33030010,1,e1,u10,202201,7380,156,0.0,01,2022
AE,DE,27101921,1,e1,u10,202201,5331171,8819988,0.0,01,2022
AE,DE,62114210,1,e1,u11,202201,1490,34,0.0,01,2022
AE,DE,73249000,1,e1,u10,202201,2921,206,0.0,01,2022
AE,DE,76042100,1,e1,u11,202201,2628,440,0.0,01,2022
AE,DE,82071990,1,e1,u10,202201,15348,296,0.0,01,2022
AE,DE,84314300,1,e1,u10,202201,4024,467,0.0,01,2022
AE,DE,85072020,1,e1,u11,202201,44408,18952,520.0,01,2022
AE,DE,85072080,1,e1,u11,202201,46041,12096,588.0,01,2022
AE,DE,85234130,1,e1,u10,202201,3278,190,316.0,01,2022
AE,DE,85443000,1,e1,u11,202201,5026,32,0.0,01,2022
AE,DK,73090090,1,e1,u10,202201,28132,12300,0.0,01,2022
AE,EC,49019900,1,e1,u10,202201,8077,214,0.0,01,2022
AE,EC,84799070,1,e1,u10,202201,2968,5,0.0,01,2022
AE,EG,84672985,2,e1,uzz,202201,31302,27,66.0,01,2022
AE,ES,48030090,1,e1,u10,202201,14680,22264,0.0,01,2022
AE,ES,49019900,1,e1,u10,202201,6009,277,0.0,01,2022
AE,ES,62029000,1,e1,u11,202201,1452,24,35.0,01,2022
AE,ES,62034231,1,e1,u11,202201,1619,5,88.0,01,2022
AE,FR,22071000,1,e1,u11,202201,3455,2370,30.0,01,2022
AE,FR,42022100,1,e1,u11,202201,2488,7,10.0,01,2022
AE,FR,62046231,1,e1,u11,202201,3095,167,376.0,01,2022
AE,FR,84613090,1,e1,u10,202201,25975,190,2.0,01,2022
AE,FR,85443000,1,e1,u11,202201,992,14,0.0,01,2022
AE,FR,90189084,1,e1,u10,202201,4115,19,0.0,01,2022
AE,FR,95061121,1,e1,u11,202201,1981,18,7.0,01,2022
AE,GR,39269097,1,e1,u11,202201,17059,6010,0.0,01,2022
AE,IN,09109190,1,e1,u10,202201,9019,1620,0.0,01,2022
AE,IN,71131900,1,e1,u11,202201,7777,0,192.0,01,2022
AE,IN,73102111,1,e1,u10,202201,27572,7651,0.0,01,2022
AE,IN,84295199,1,e1,u10,202201,152582,23784,1.0,01,2022
AE,IN,84311000,1,e1,u10,202201,783202,5827,0.0,01,2022
AE,IT,62034231,1,e1,u11,202201,7301,3,339.0,01,2022
AE,IT,64035999,1,e1,u11,202201,20748,270,287.0,01,2022
AE,IT,68053000,1,e1,u10,202201,1670,63,0.0,01,2022
AE,IT,84717098,1,e1,u10,202201,72346,6,1.0,01,2022
AE,IT,85235190,1,e1,u10,202201,18337,2,4.0,01,2022
AE,KE,84314300,1,e1,u10,202201,2914,781,0.0,01,2022
AE,LU,69111000,1,e1,u11,202201,8971,1238,0.0,01,2022
AE,MX,85443000,2,e1,uzz,202201,8300,8,0.0,01,2022
AE,MZ,84314300,1,e1,u10,202201,10605,966,0.0,01,2022
AE,NL,15162098,1,e1,u11,202201,5381,1800,0.0,01,2022
AE,NL,27101943,1,e1,u10,202201,8905497,16245000,19798900.0,01,2022
AE,NL,27101981,1,e1,u11,202201,35206,26980,0.0,01,2022
AE,NL,62034231,1,e1,u11,202201,7002,107,85.0,01,2022
AE,NL,62046231,1,e1,u11,202201,921,14,11.0,01,2022
AE,NL,76011000,1,e1,u11,202201,124644,48995,0.0,01,2022
AE,NL,76020090,1,e1,u10,202201,49029,23145,0.0,01,2022
AE,NL,76042990,1,e1,u11,202201,256191,82623,0.0,01,2022
AE,NL,84295199,1,e1,u10,202201,23080,22120,2.0,01,2022
AE,NL,84798997,1,e1,u10,202201,761,1244,0.0,01,2022
AE,NL,85371010,1,e1,u11,202201,65370,31500,0.0,01,2022
AE,NL,85444290,1,e1,u11,202201,1385,55,0.0,01,2022
AE,NO,84212100,1,e1,u10,202201,34193,6307,0.0,01,2022
AE,NO,84314300,1,e1,u10,202201,5199,222,0.0,01,2022
AE,PK,09109190,1,e1,u10,202201,2140,280,0.0,01,2022
AE,PT,70134910,1,e1,u11,202201,1633,96,216.0,01,2022
AE,QA,85176200,1,e1,u10,202201,1048,1,0.0,01,2022
AE,RO,84314300,1,e1,u10,202201,12309,2738,0.0,01,2022
AE,SA,39012090,1,e1,u11,202201,141083,123750,0.0,01,2022
AE,SA,70052925,1,e1,u10,202201,15134,25530,946.0,01,2022
AE,SA,84811019,1,e1,u11,202201,200041,6,0.0,01,2022
AE,SA,90329000,1,e1,u10,202201,285059,6,0.0,01,2022
AE,SE,33030090,1,e1,u10,202201,1493,2,0.0,01,2022
AE,SE,76020090,1,e1,u10,202201,44931,19714,0.0,01,2022
AE,TM,76069200,1,e1,u11,202201,77620,14181,0.0,01,2022
AE,TR,08041000,1,e1,u11,202201,50801,43168,0.0,01,2022
AE,TR,39202080,1,e1,u11,202201,63397,37670,0.0,01,2022
AE,UA,40169991,1,e1,u11,202201,1618,1,0.0,01,2022
AE,US,33030010,1,e1,u10,202201,31213,1240,0.0,01,2022
AE,US,33049900,1,e1,u10,202201,5725,1048,0.0,01,2022
AE,US,49019900,1,e1,u10,202201,1290,241,0.0,01,2022
AE,US,84749010,1,e1,u10,202201,5467,4188,0.0,01,2022
AE,US,85171300,1,e1,u10,202201,23245,327,200.0,01,2022
AE,US,94036090,1,e1,u10,202201,2213,147,0.0,01,2022
AE,VN,70134999,1,e1,u11,202201,2560,397,1280.0,01,2022
AF,AF,07132000,1,e1,u10,202201,1542,861,0.0,01,2022
AF,AF,08021190,1,e2,u20,202201,23601,4717,0.0,01,2022
AF,AF,08021290,1,e2,u11,202201,3135,1786,0.0,01,2022
AF,AF,08021290,1,e2,u20,202201,5089,1508,0.0,01,2022
AF,AF,08023200,1,e2,u20,202201,1892,595,0.0,01,2022
AF,AF,08029100,1,e2,u20,202201,3442,350,0.0,01,2022
AF,AF,08029200,1,e2,u20,202201,10219,1294,0.0,01,2022
AF,AF,08029990,1,e2,u11,202201,15726,5896,0.0,01,2022
AF,AF,08042090,1,e2,u11,202201,1892,1000,0.0,01,2022
AF,AF,08042090,1,e2,u20,202201,2208,1201,0.0,01,2022
AF,AF,08062090,1,e2,u11,202201,7659,3060,0.0,01,2022
AF,AF,08062090,1,e2,u20,202201,20271,14476,0.0,01,2022
AF,AF,08112059,1,e2,u20,202201,2182,1386,0.0,01,2022
AF,AF,08131000,1,e2,u11,202201,1311,332,0.0,01,2022
AF,AF,08131000,1,e2,u20,202201,9870,3333,0.0,01,2022
AF,AF,08134095,1,e2,u11,202201,1512,1080,0.0,01,2022
AF,AF,08134095,1,e2,u20,202201,6119,4531,0.0,01,2022
AF,AF,09096100,1,e1,u10,202201,1345,579,0.0,01,2022
AF,AF,09102010,1,e1,u10,202201,2043,450,0.0,01,2022
AF,AF,12129995,1,e1,u10,202201,937,1480,0.0,01,2022
AF,AF,17029095,1,e2,u20,202201,957,1807,0.0,01,2022
AF,BE,07096099,1,e2,u11,202201,2929,480,0.0,01,2022
AF,CH,97051000,1,e1,u10,202201,19225,0,0.0,01,2022
AF,DE,57011090,1,e1,u10,202201,3572,46,13.0,01,2022
AF,FR,09102010,1,e1,u10,202201,13433,6,0.0,01,2022
AF,NL,07020000,1,e2,u11,202201,1185,180,0.0,01,2022
AF,SE,57011090,1,e1,u10,202201,7575,95,21.0,01,2022
AF,SE,57019090,1,e1,u10,202201,1792,30,11.0,01,2022
AF,SE,57021000,1,e2,u11,202201,967,19,10.0,01,2022
AF,TR,08062030,1,e2,u20,202201,123175,59194,0.0,01,2022
AF,TR,08062090,1,e2,u20,202201,49112,25872,0.0,01,2022
AG,AG,49059000,1,e1,u10,202201,2911,19,0.0,01,2022
AG,AG,97019900,1,e1,u10,202201,934,6,0.0,01,2022
AG,AR,22042196,1,e3,u11,202201,28916,4770,4770.0,01,2022
AG,AZ,90308900,1,e1,u10,202201,985039,7162,0.0,01,2022
AG,DE,30049000,1,e1,u10,202201,17988,1,0.0,01,2022
AG,FR,28042910,1,e1,u10,202201,356366,4734,4734.0,01,2022
AG,IT,71179000,1,e3,u11,202201,15805,7,0.0,01,2022
AG,NL,22042196,1,e3,u11,202201,1008,377,376.0,01,2022
AG,US,28042910,1,e1,u10,202201,707012,9392,14.0,01,2022
AI,US,97053900,1,e1,u10,202201,999,0,0.0,01,2022
AL,AL,12119086,1,e1,u10,202201,20918,8000,0.0,01,2022
AL,AL,19059070,1,e3,u30,202201,28939,16400,0.0,01,2022
AL,AL,22019000,1,e1,u10,202201,23690,88038,0.0,01,2022
AL,AL,22021000,1,e3,u30,202201,36173,36590,36590.0,01,2022
AL,AL,22029919,1,e3,u30,202201,8060,5760,5760.0,01,2022
AL,AL,40169100,1,e3,u30,202201,6650,6765,0.0,01,2022
AL,AL,61033300,1,e3,u30,202201,44342,7850,4435.0,01,2022
AL,AL,61149000,1,e3,u30,202201,1859,40,0.0,01,2022
AL,AL,62033100,1,e3,u11,202201,3474,369,225.0,01,2022
AL,AL,63022100,1,e3,u30,202201,1659,326,0.0,01,2022
AL,AL,63090000,1,e3,u30,202201,2310,7870,0.0,01,2022
AL,AL,64039118,1,e3,u30,202201,2803,112,108.0,01,2022
AL,AL,64039991,1,e3,u30,202201,15654,775,912.0,01,2022
AL,AL,64039996,1,e3,u30,202201,20475,1313,1130.0,01,2022
AL,AL,64039998,1,e3,u30,202201,52025,3398,3052.0,01,2022
AL,AL,72024190,1,e1,u10,202201,96839,49906,0.0,01,2022
AL,AL,73089098,1,e1,u10,202201,99839,21714,0.0,01,2022
AL,AL,85167100,1,e3,u11,202201,1183,293,4.0,01,2022
AL,AL,94016100,1,e1,u10,202201,8015,1890,0.0,01,2022
AL,AL,94036010,1,e1,u10,202201,866,3610,0.0,01,2022
AL,AL,94036090,1,e1,u10,202201,2520,9130,0.0,01,2022
AL,AL,94049090,1,e3,u30,202201,15743,3094,0.0,01,2022
AL,BE,09096100,1,e1,u10,202201,41513,12375,0.0,01,2022
AL,BE,64029993,1,e3,u30,202201,2272,151,116.0,01,2022
AL,BE,64034000,1,e3,u30,202201,1020,65,36.0,01,2022
AL,BE,64039113,1,e3,u30,202201,8090,814,553.0,01,2022
AL,BE,64039193,1,e3,u11,202201,5587,363,197.0,01,2022
AL,BE,64039193,1,e3,u30,202201,1848,117,42.0,01,2022
AL,BE,64039993,1,e3,u30,202201,1845,233,145.0,01,2022
AL,BE,64039996,1,e3,u11,202201,1083,39,30.0,01,2022
AL,BE,64039998,1,e3,u11,202201,1124,41,29.0,01,2022
AL,BE,64039998,1,e3,u30,202201,6230,124,100.0,01,2022
AL,BE,64041990,1,e3,u30,202201,2638,167,103.0,01,2022
AL,CH,48193000,1,e1,u10,202201,2418,206,0.0,01,2022
AL,DE,12119086,1,e1,u10,202201,53009,9778,0.0,01,2022
AL,DE,12129995,1,e1,u10,202201,7349,1554,0.0,01,2022
AL,DE,62046239,1,e3,u11,202201,6357,88,207.0,01,2022
AL,DE,64034000,1,e3,u11,202201,1112,46,19.0,01,2022
AL,DE,64039118,1,e3,u11,202201,1508,80,48.0,01,2022
AL,ES,64029190,1,e3,u11,202201,3032,136,169.0,01,2022
AL,ES,85013100,1,e1,u10,202201,29612,4,1.0,01,2022
AL,ES,94012000,1,e3,u30,202201,948,57,0.0,01,2022
AL,FR,07070090,1,e3,u30,202201,2040,1941,0.0,01,2022
AL,FR,07096099,1,e3,u30,202201,6353,6111,0.0,01,2022
AL,FR,07099290,1,e3,u30,202201,1161,454,0.0,01,2022
AL,FR,12129995,1,e1,u10,202201,3653,1150,0.0,01,2022
AL,FR,19059045,1,e3,u30,202201,3631,2494,0.0,01,2022
AL,FR,20079997,1,e3,u30,202201,4517,1825,0.0,01,2022
AL,FR,22021000,1,e3,u30,202201,4437,3485,3484.0,01,2022
AL,FR,42033000,1,e3,u11,202201,3810,45,0.0,01,2022
AL,FR,61046300,1,e3,u11,202201,23351,467,3339.0,01,2022
AL,FR,61082100,1,e3,u11,202201,5626,44,1738.0,01,2022
AL,FR,61124190,1,e3,u11,202201,1837,33,172.0,01,2022
AL,FR,61143000,1,e3,u11,202201,6507,120,0.0,01,2022
AL,FR,62034231,1,e3,u11,202201,3026,40,46.0,01,2022
AL,FR,62034235,1,e3,u11,202201,2358,27,30.0,01,2022
AL,FR,62052000,1,e3,u11,202201,1950,32,50.0,01,2022
AL,FR,62059080,1,e3,u11,202201,950,6,17.0,01,2022
AL,FR,64034000,1,e3,u11,202201,29,1550,1.0,01,2022
AL,FR,64039113,1,e3,u11,202201,4010,171,113.0,01,2022
AL,FR,64039993,1,e3,u11,202201,2883,84,119.0,01,2022
AL,GR,61124190,1,e3,u11,202201,3950,94,936.0,01,2022
AL,HU,40169991,1,e3,u11,202201,16322,74,0.0,01,2022
AL,HU,40169997,1,e3,u11,202201,7725,169,0.0,01,2022
AL,IE,61046300,1,e3,u11,202201,2410,49,552.0,01,2022
AL,IT,42031000,1,e3,u11,202201,28149,106,0.0,01,2022
AL,IT,42050090,1,e3,u11,202201,24620,156,0.0,01,2022
AL,IT,43031090,1,e3,u11,202201,2073,1,0.0,01,2022
AL,IT,48192000,1,e1,u10,202201,1024,369,0.0,01,2022
AL,IT,48194000,1,e1,u10,202201,3149,179,0.0,01,2022
AL,IT,61034200,1,e3,u11,202201,20109,605,784.0,01,2022
AL,IT,61034300,1,e3,u11,202201,1160,9,48.0,01,2022
AL,IT,61042200,1,e3,u11,202201,1590,1,68.0,01,2022
AL,IT,61043200,1,e3,u11,202201,992,13,18.0,01,2022
AL,IT,61043900,1,e3,u11,202201,3536,44,51.0,01,2022
AL,IT,61044200,1,e3,u11,202201,2586,2,109.0,01,2022
AL,IT,61044300,1,e3,u11,202201,3646,27,55.0,01,2022
AL,IT,61044400,1,e3,u11,202201,4688,120,1195.0,01,2022
AL,IT,61045200,1,e3,u11,202201,1515,1,81.0,01,2022
AL,IT,61045300,1,e3,u11,202201,885,21,53.0,01,2022
AL,IT,61046300,1,e3,u11,202201,2169,5,8.0,01,2022
AL,IT,61091000,1,e3,u11,202201,54831,386,2767.0,01,2022
AL,IT,61099020,1,e3,u11,202201,1174,2,30.0,01,2022
AL,IT,61102091,1,e3,u11,202201,11394,44,129.0,01,2022
AL,IT,61102099,1,e3,u11,202201,1026,11,19.0,01,2022
AL,IT,61103010,1,e3,u11,202201,3699,12,1.0,01,2022
AL,IT,61103091,1,e3,u11,202201,5220,22,90.0,01,2022
AL,IT,61103099,1,e3,u11,202201,2071,42,124.0,01,2022
AL,IT,61152100,1,e3,u11,202201,16368,884,34257.0,01,2022
AL,IT,61152200,1,e3,u11,202201,8267,583,7280.0,01,2022
AL,IT,61153011,1,e3,u11,202201,3252,151,21000.0,01,2022
AL,IT,61161080,1,e3,u30,202201,1434,75,66.0,01,2022
AL,IT,62013010,1,e3,u11,202201,86119,773,1022.0,01,2022
AL,IT,62013090,1,e3,u11,202201,58592,437,565.0,01,2022
AL,IT,62014090,1,e3,u11,202201,1330,16,9.0,01,2022
AL,IT,62019000,1,e3,u11,202201,27845,473,289.0,01,2022
AL,IT,62023010,1,e3,u11,202201,3544,12,34.0,01,2022
AL,IT,62023090,1,e3,u11,202201,18520,1033,170.0,01,2022
AL,IT,62024010,1,e3,u11,202201,3253,20,53.0,01,2022
AL,IT,62024090,1,e3,u11,202201,2521,27,29.0,01,2022
AL,IT,62029000,1,e3,u11,202201,1700,19,16.0,01,2022
AL,IT,62034231,1,e3,u11,202201,25063,769,1204.0,01,2022
AL,IT,62034235,1,e3,u11,202201,28247,307,820.0,01,2022
AL,IT,62034290,1,e3,u11,202201,3166,26,79.0,01,2022
AL,IT,62034990,1,e3,u11,202201,1696,1,16.0,01,2022
AL,IT,62043290,1,e3,u11,202201,914,7,21.0,01,2022
AL,IT,62044200,1,e3,u11,202201,19060,332,862.0,01,2022
AL,IT,62044300,1,e3,u11,202201,19276,184,412.0,01,2022
AL,IT,62044400,1,e3,u11,202201,1554,37,93.0,01,2022
AL,IT,62044990,1,e3,u11,202201,1704,41,102.0,01,2022
AL,IT,62045200,1,e3,u11,202201,3174,76,190.0,01,2022
AL,IT,62045300,1,e3,u11,202201,2583,27,67.0,01,2022
AL,IT,62045910,1,e3,u11,202201,1470,35,88.0,01,2022
AL,IT,62045990,1,e3,u11,202201,1069,26,64.0,01,2022
AL,IT,62046110,1,e3,u11,202201,1388,14,36.0,01,2022
AL,IT,62046231,1,e3,u11,202201,17197,201,366.0,01,2022
AL,IT,62046239,1,e3,u11,202201,9039,112,239.0,01,2022
AL,IT,62046259,1,e3,u11,202201,1264,29,57.0,01,2022
AL,IT,62046318,1,e3,u11,202201,950,21,16.0,01,2022
AL,IT,62046990,1,e3,u11,202201,2511,11,28.0,01,2022
AL,IT,62052000,1,e3,u11,202201,17255,115,274.0,01,2022
AL,IT,62053000,1,e3,u11,202201,9819,17,114.0,01,2022
AL,IT,62059010,1,e3,u11,202201,2346,5,53.0,01,2022
AL,IT,62061000,1,e3,u11,202201,4270,7,24.0,01,2022
AL,IT,62063000,1,e3,u11,202201,6468,58,246.0,01,2022
AL,IT,62064000,1,e3,u11,202201,5482,25,84.0,01,2022
AL,IT,62122000,1,e3,u11,202201,2393,94,477.0,01,2022
AL,IT,63052000,1,e3,u11,202201,9117,741,0.0,01,2022
AL,IT,64019290,1,e3,u11,202201,2425,155,55.0,01,2022
AL,IT,64019900,1,e3,u11,202201,1375,75,45.0,01,2022
AL,IT,64021900,1,e3,u11,202201,5265,317,195.0,01,2022
AL,IT,64029110,1,e3,u11,202201,1742,112,92.0,01,2022
AL,IT,64029110,1,e3,u30,202201,1576,97,64.0,01,2022
AL,IT,64029190,1,e3,u11,202201,8178,471,314.0,01,2022
AL,IT,64029190,1,e3,u30,202201,17333,250,295.0,01,2022
AL,IT,64029905,1,e3,u11,202201,31275,2278,1870.0,01,2022
AL,IT,64029905,1,e3,u30,202201,5213,432,209.0,01,2022
AL,IT,64029910,1,e3,u11,202201,4509,98,47.0,01,2022
AL,IT,64029950,1,e3,u11,202201,2439,156,136.0,01,2022
AL,IT,64029991,1,e3,u11,202201,4404,86,210.0,01,2022
AL,IT,64034000,1,e3,u11,202201,31713,2261,1388.0,01,2022
AL,IT,64034000,1,e3,u30,202201,56405,3610,2339.0,01,2022
AL,IT,64039113,1,e3,u11,202201,3125,149,99.0,01,2022
AL,IT,64039116,1,e3,u11,202201,1349,99,68.0,01,2022
AL,IT,64039193,1,e3,u11,202201,44653,2345,1056.0,01,2022
AL,IT,64039193,1,e3,u30,202201,37601,2027,1115.0,01,2022
AL,IT,64039196,1,e3,u11,202201,2199,110,23.0,01,2022
AL,IT,64039198,1,e3,u11,202201,7171,323,208.0,01,2022
AL,IT,64039993,1,e3,u11,202201,1045,42,45.0,01,2022
AL,IT,64039993,1,e3,u30,202201,1245,70,44.0,01,2022
AL,IT,64039996,1,e3,u11,202201,13472,144,182.0,01,2022
AL,IT,64039996,1,e3,u30,202201,1700,204,300.0,01,2022
AL,IT,64039998,1,e3,u11,202201,1494,36,27.0,01,2022
AL,IT,64041910,1,e3,u11,202201,936,40,15.0,01,2022
AL,IT,64041990,1,e3,u11,202201,45616,1413,637.0,01,2022
AL,IT,64041990,1,e3,u30,202201,16534,913,602.0,01,2022
AL,IT,73089098,1,e1,u10,202201,136585,20957,0.0,01,2022
AL,IT,73219000,1,e3,u11,202201,3120,239,0.0,01,2022
AL,IT,84314980,1,e1,u10,202201,8311,996,0.0,01,2022
AL,IT,85176200,1,e1,u10,202201,13738,110,0.0,01,2022
AL,IT,85365080,1,e1,u10,202201,1669,115,0.0,01,2022
AL,IT,85443000,1,e3,u11,202201,1556,60,0.0,01,2022
AL,IT,85443000,2,e3,uzz,202201,34707,1190,0.0,01,2022
AL,IT,87089435,1,e3,u11,202201,4090,582,0.0,01,2022
AL,IT,87089435,2,e3,uzz,202201,8864,1194,0.0,01,2022
AL,IT,94012000,1,e3,u11,202201,4606,134,0.0,01,2022
AL,IT,94017900,1,e1,u10,202201,2544,56,0.0,01,2022
AL,LU,62101098,1,e3,u11,202201,6106,351,0.0,01,2022
AL,LU,62101098,1,e3,u30,202201,11914,1550,0.0,01,2022
AL,NL,72024190,1,e1,u10,202201,101130,62371,0.0,01,2022
AL,PL,64039118,1,e3,u30,202201,2743,148,122.0,01,2022
AL,PL,64039911,1,e3,u30,202201,5635,419,313.0,01,2022
AL,PL,64039936,1,e3,u30,202201,5863,306,329.0,01,2022
AL,PL,64039938,1,e3,u30,202201,29808,1017,1430.0,01,2022
AL,PL,64039950,1,e3,u30,202201,5061,222,264.0,01,2022
AL,PL,64039996,1,e3,u30,202201,7789,486,308.0,01,2022
AL,PL,64039998,1,e3,u30,202201,16078,492,765.0,01,2022
AL,US,42022290,1,e3,u11,202201,1434,1,1.0,01,2022
AM,AM,22042195,1,e1,u11,202201,1472,162,162.0,01,2022
AM,AM,22042198,1,e1,u11,202201,2208,243,243.0,01,2022
AM,AM,62031200,1,e1,u11,202201,2840,380,75.0,01,2022
AM,AM,76071119,1,e1,u11,202201,616041,184200,0.0,01,2022
AM,AM,76071190,1,e1,u11,202201,110540,32988,0.0,01,2022
AM,AM,84199085,1,e1,u10,202201,888,12,0.0,01,2022
AM,AM,84717098,1,e1,u10,202201,1059,2,1.0,01,2022
AM,AM,91022100,1,e1,u11,202201,9138,3,2.0,01,2022
AM,BE,22042197,1,e1,u11,202201,945,108,108.0,01,2022
AM,BE,22042198,1,e1,u11,202201,1486,143,142.0,01,2022
AM,BE,22082066,1,e1,u10,202201,2505,154,61.0,01,2022
AM,CA,62014090,1,e1,u11,202201,886,2,1.0,01,2022
AM,CA,62024090,1,e1,u11,202201,949,1,1.0,01,2022
AM,CA,62034211,1,e1,u11,202201,1079,2,1.0,01,2022
AM,CH,85362010,1,e1,u11,202201,2019,9,0.0,01,2022
AM,CH,97051000,1,e1,u10,202201,2765,0,0.0,01,2022
AM,DE,22082018,1,e1,u10,202201,2372,79,31.0,01,2022
AM,DE,22086011,1,e1,u10,202201,1111,288,115.0,01,2022
AM,DE,62014010,1,e1,u11,202201,2897,10,3.0,01,2022
AM,DE,62014090,1,e1,u11,202201,963,2,1.0,01,2022
AM,DE,62024010,1,e1,u11,202201,5747,16,6.0,01,2022
AM,DE,62024090,1,e1,u11,202201,2309,7,2.0,01,2022
AM,DE,62034311,1,e1,u11,202201,1133,27,43.0,01,2022
AM,DE,62046990,1,e1,u11,202201,992,1,1.0,01,2022
AM,DE,62105000,1,e1,u11,202201,1913,4,0.0,01,2022
AM,ES,62019000,1,e1,u11,202201,882,1,1.0,01,2022
AM,FR,42022100,1,e1,u11,202201,978,1,7.0,01,2022
AM,FR,42022900,1,e1,u11,202201,1913,1,6.0,01,2022
AM,FR,62014090,1,e1,u11,202201,2425,26,11.0,01,2022
AM,FR,62019000,1,e1,u11,202201,1142,2,1.0,01,2022
AM,FR,62102000,1,e1,u11,202201,1142,2,0.0,01,2022
AM,GE,76071119,1,e1,u11,202201,77523,23045,0.0,01,2022
AM,IT,61102099,1,e1,u11,202201,1067,11,19.0,01,2022
AM,IT,61113090,1,e1,u11,202201,2016,6,0.0,01,2022
AM,IT,62012000,1,e1,u11,202201,36644,117,180.0,01,2022
AM,IT,62013090,1,e1,u11,202201,46057,92,204.0,01,2022
AM,IT,62014010,1,e1,u11,202201,93848,211,456.0,01,2022
AM,IT,62014090,1,e1,u11,202201,108445,268,609.0,01,2022
AM,IT,62019000,1,e1,u11,202201,356863,989,1253.0,01,2022
AM,IT,62022000,1,e1,u11,202201,17184,23,90.0,01,2022
AM,IT,62024010,1,e1,u11,202201,242587,23692,1361.0,01,2022
AM,IT,62024090,1,e1,u11,202201,143057,394,460.0,01,2022
AM,IT,62029000,1,e1,u11,202201,256030,1713,1337.0,01,2022
AM,IT,62093000,1,e1,u11,202201,63617,184,0.0,01,2022
AM,IT,62099090,1,e1,u11,202201,7039,303,0.0,01,2022
AM,IT,62105000,1,e1,u11,202201,1908,6,0.0,01,2022
AM,IT,62112000,1,e1,u11,202201,2172,10,10.0,01,2022
AM,IT,64039996,1,e1,u11,202201,5112,22,36.0,01,2022
AM,US,85371098,1,e1,u11,202201,1610,4,0.0,01,2022
AO,AO,25010010,1,e1,u10,202201,3330,885,0.0,01,2022
AO,AO,25059000,1,e1,u10,202201,8674,2007,0.0,01,2022
AO,AO,73042300,1,e1,u10,202201,984,2000,0.0,01,2022
AO,AO,73269098,1,e2,u11,202201,7572,907,0.0,01,2022
AO,AO,84314300,1,e1,u10,202201,9097,394,0.0,01,2022
AO,AO,84433210,1,e1,u10,202201,1513,112,20.0,01,2022
AO,AO,84717030,1,e1,u10,202201,1083,5,6.0,01,2022
AO,AO,84818099,1,e2,u11,202201,1604,113,0.0,01,2022
AO,AO,84834029,1,e1,u10,202201,26895,158,0.0,01,2022
AO,AO,90262080,2,e1,u10,202201,3670,40,4.0,01,2022
AO,AO,90279000,1,e1,u10,202201,963,7,0.0,01,2022
AO,AO,90318080,2,e1,u10,202201,1388,3,0.0,01,2022
AO,AO,94036010,1,e1,u10,202201,2524,2070,0.0,01,2022
AO,AO,94036090,1,e1,u10,202201,21097,1764,0.0,01,2022
AO,BE,68029310,1,e1,u10,202201,893,571,0.0,01,2022
AO,US,73181900,2,e1,u10,202201,18732,11,0.0,01,2022
AQ,US,88073000,2,e1,u10,202201,1800,0,0.0,01,2022
AR,AE,94036010,1,e1,u10,202201,10956,756,0.0,01,2022
AR,AR,01012100,1,e1,u10,202201,18679,2400,6.0,01,2022
AR,AR,01012990,1,e1,u11,202201,82637,7150,16.0,01,2022
AR,AR,02013000,1,e1,u11,202201,162402,19760,0.0,01,2022
AR,AR,02023090,1,e1,u11,202201,259133,36372,0.0,01,2022
AR,AR,02071210,1,e1,u11,202201,133547,125023,0.0,01,2022
AR,AR,02071290,1,e1,u11,202201,303367,206931,0.0,01,2022
AR,AR,02071410,1,e1,u11,202201,163428,75000,0.0,01,2022
AR,AR,03036612,1,e1,u11,202201,51723,24863,0.0,01,2022
AR,AR,03038990,1,e1,u11,202201,118645,65092,0.0,01,2022
AR,AR,03061799,1,e1,u11,202201,66130,7560,0.0,01,2022
AR,AR,07099390,1,e1,u11,202201,11013,25200,0.0,01,2022
AR,AR,07132000,1,e1,u10,202201,524579,849780,0.0,01,2022
AR,AR,07133100,1,e1,u10,202201,335721,366000,0.0,01,2022
AR,AR,07133390,1,e1,u10,202201,194324,180850,0.0,01,2022
AR,AR,08092900,1,e1,u11,202201,46826,15000,0.0,01,2022
AR,AR,09024000,1,e1,u10,202201,175778,146700,0.0,01,2022
AR,AR,09092100,1,e1,u10,202201,29927,40000,0.0,01,2022
AR,AR,10051090,1,e1,u10,202201,31728,52420,0.0,01,2022
AR,AR,10059000,1,e1,u10,202201,217860,350972,0.0,01,2022
AR,AR,10062017,1,e1,u11,202201,337507,693680,0.0,01,2022
AR,AR,10062098,1,e1,u11,202201,89479,124960,0.0,01,2022
AR,AR,10063098,1,e1,u10,202201,58076,109200,0.0,01,2022
AR,AR,10063098,1,e1,u11,202201,5621,5614,0.0,01,2022
AR,AR,12024100,1,e1,u10,202201,43610,36320,0.0,01,2022
AR,AR,12024200,1,e1,u10,202201,5283643,5156418,0.0,01,2022
AR,AR,12060099,1,e1,u10,202201,42779,43464,0.0,01,2022
AR,AR,20081191,1,e1,u11,202201,118300,94060,0.0,01,2022
AR,AR,20093939,1,e1,u11,202201,129529,95000,0.0,01,2022
AR,AR,22030001,1,e1,u10,202201,15956,14394,14394.0,01,2022
AR,AR,22041098,1,e1,u11,202201,117444,33623,33623.0,01,2022
AR,AR,22042184,1,e1,u11,202201,9027,1890,1890.0,01,2022
AR,AR,22042193,1,e1,u11,202201,1419,450,450.0,01,2022
AR,AR,22042194,1,e1,u11,202201,12734,4040,4039.0,01,2022
AR,AR,22042195,1,e1,u11,202201,658971,234627,234624.0,01,2022
AR,AR,22042196,1,e1,u11,202201,5936217,1804524,1801272.0,01,2022
AR,AR,22042197,1,e1,u11,202201,206225,93239,93010.0,01,2022
AR,AR,22042198,1,e1,u11,202201,3029357,1216179,1216157.0,01,2022
AR,AR,22042995,1,e1,u11,202201,29440,24000,24000.0,01,2022
AR,AR,22042996,1,e1,u11,202201,2043004,1932994,1932993.0,01,2022
AR,AR,22042997,1,e1,u11,202201,74304,96000,96000.0,01,2022
AR,AR,22042998,1,e1,u11,202201,771746,895190,895189.0,01,2022
AR,AR,23040000,1,e1,u10,202201,14646519,37221875,0.0,01,2022
AR,AR,23080090,1,e1,u10,202201,2497162,12000000,0.0,01,2022
AR,AR,25081000,1,e1,u10,202201,17967,234000,0.0,01,2022
AR,AR,33011310,1,e1,u10,202201,396114,28800,0.0,01,2022
AR,AR,38122090,1,e1,u10,202201,29445,24000,0.0,01,2022
AR,AR,38151200,1,e1,u11,202201,11777,79,0.0,01,2022
AR,AR,38229000,1,e1,u10,202201,1296,3,0.0,01,2022
AR,AR,38231990,1,e1,u10,202201,107752,108180,0.0,01,2022
AR,AR,39269097,1,e1,u11,202201,1019,130,0.0,01,2022
AR,AR,40094200,1,e1,u11,202201,1135,33,0.0,01,2022
AR,AR,40111000,1,e1,u11,202201,56420,7341,787.0,01,2022
AR,AR,41041959,1,e1,u10,202201,82980,60550,10182.0,01,2022
AR,AR,41071291,1,e1,u10,202201,182900,16451,20105.0,01,2022
AR,AR,42010000,1,e1,u11,202201,15260,277,0.0,01,2022
AR,AR,42033000,1,e1,u11,202201,9997,379,0.0,01,2022
AR,AR,42034000,1,e1,u11,202201,2652,79,0.0,01,2022
AR,AR,44170000,1,e1,u10,202201,85296,68788,0.0,01,2022
AR,AR,49019900,1,e1,u10,202201,13908,350,0.0,01,2022
AR,AR,49119100,1,e1,u10,202201,1738,59,0.0,01,2022
AR,AR,49119900,1,e1,u10,202201,1045,45,0.0,01,2022
AR,AR,52042000,1,e1,u10,202201,1544,100,0.0,01,2022
AR,AR,54041900,1,e1,u10,202201,8716,144,0.0,01,2022
AR,AR,61099090,1,e1,u11,202201,3566,56,330.0,01,2022
AR,AR,61159500,1,e1,u11,202201,17840,941,8000.0,01,2022
AR,AR,62059080,1,e1,u11,202201,1862,60,376.0,01,2022
AR,AR,63090000,1,e1,u11,202201,900,324,0.0,01,2022
AR,AR,68030010,1,e1,u10,202201,32636,131138,0.0,01,2022
AR,AR,73042910,1,e1,u10,202201,64075,46310,0.0,01,2022
AR,AR,73042930,1,e1,u10,202201,206774,144860,0.0,01,2022
AR,AR,74032900,1,e1,u10,202201,1075,2,0.0,01,2022
AR,AR,76169990,1,e1,u11,202201,1370,26,0.0,01,2022
AR,AR,84129040,1,e1,u10,202201,24434,1507,0.0,01,2022
AR,AR,84129080,1,e1,u10,202201,4045,6,0.0,01,2022
AR,AR,84136039,1,e1,u10,202201,23142,1100,288.0,01,2022
AR,AR,84139200,1,e1,u10,202201,5430,125,0.0,01,2022
AR,AR,84818081,1,e1,u11,202201,143079,3164,0.0,01,2022
AR,AR,84819000,1,e1,u11,202201,129469,3542,0.0,01,2022
AR,AR,85189000,1,e1,u10,202201,943,12,0.0,01,2022
AR,AR,85234990,1,e1,u10,202201,2732,46,412.0,01,2022
AR,AR,88071000,1,e1,u10,202201,1826,2,0.0,01,2022
AR,AR,88072000,1,e1,u10,202201,7923,128,0.0,01,2022
AR,AR,90189084,1,e1,u10,202201,71775,525,0.0,01,2022
AR,AR,90319000,1,e1,u10,202201,11363,26,0.0,01,2022
AR,AR,94036010,1,e1,u10,202201,78500,4600,0.0,01,2022
AR,AR,94036090,1,e1,u10,202201,4700,709,0.0,01,2022
AR,AU,22042197,1,e1,u11,202201,43209,12600,12600.0,01,2022
AR,AU,22042998,1,e1,u11,202201,4505,3259,3259.0,01,2022
AR,BE,02023090,1,e1,u11,202201,6988,3494,0.0,01,2022
AR,BE,22042196,1,e1,u11,202201,13740,2732,2731.0,01,2022
AR,BE,22042197,1,e1,u11,202201,1109,293,292.0,01,2022
AR,BE,33011310,1,e1,u10,202201,12766,618,0.0,01,2022
AR,BE,38089327,1,e1,u11,202201,119334,28600,0.0,01,2022
AR,BE,73041910,1,e1,u10,202201,442177,204347,0.0,01,2022
AR,BE,84835020,1,e1,u10,202201,1556,385,0.0,01,2022
AR,BE,87089997,1,e1,u11,202201,986,7,0.0,01,2022
AR,CH,71129900,1,e1,u10,202201,1420,0,0.0,01,2022
AR,CL,22041098,1,e1,u11,202201,3066,450,450.0,01,2022
AR,CL,22042196,1,e1,u11,202201,31338,8766,8766.0,01,2022
AR,CL,22042198,1,e1,u11,202201,51858,4464,4464.0,01,2022
AR,CL,22042995,1,e1,u11,202201,55620,48000,48000.0,01,2022
AR,CL,22042996,1,e1,u11,202201,96630,76000,76000.0,01,2022
AR,CN,18069090,1,e1,u11,202201,1075,479,0.0,01,2022
AR,CN,20049098,1,e1,u11,202201,7146,3091,0.0,01,2022
AR,CN,22042198,1,e1,u11,202201,3850,1134,1134.0,01,2022
AR,CN,73239200,1,e1,u10,202201,7492,922,0.0,01,2022
AR,DE,08021290,1,e1,u11,202201,1877,1075,0.0,01,2022
AR,DE,09030000,1,e1,u10,202201,3829,832,0.0,01,2022
AR,DE,12092980,1,e1,u11,202201,2500,10000,0.0,01,2022
AR,DE,20093931,1,e1,u11,202201,18523,7920,0.0,01,2022
AR,DE,22042194,1,e1,u11,202201,53963,14256,14256.0,01,2022
AR,DE,22042195,1,e1,u11,202201,41152,13104,13104.0,01,2022
AR,DE,22042196,1,e1,u11,202201,75799,28980,28980.0,01,2022
AR,DE,22042198,1,e1,u11,202201,6510,2880,2880.0,01,2022
AR,DE,29181500,1,e1,u11,202201,21453,5000,0.0,01,2022
AR,DE,29371900,1,e1,u10,202201,2759,0,0.0,01,2022
AR,DE,32011000,1,e1,u10,202201,45801,20800,0.0,01,2022
AR,DE,33011310,1,e1,u10,202201,65108,7200,0.0,01,2022
AR,DE,33011390,1,e1,u10,202201,17236,50,0.0,01,2022
AR,DE,33011920,1,e1,u10,202201,9323,150,0.0,01,2022
AR,DE,38231990,1,e1,u10,202201,18267,23660,0.0,01,2022
AR,DE,43021980,1,e1,u11,202201,23707,1005,2300.0,01,2022
AR,DE,43021999,1,e1,u11,202201,14047,900,0.0,01,2022
AR,DE,73181595,1,e1,u10,202201,8349,1256,0.0,01,2022
AR,DE,84099100,1,e1,u11,202201,912,35,0.0,01,2022
AR,DE,84099900,1,e1,u11,202201,18370,849,0.0,01,2022
AR,DE,84141015,1,e1,u10,202201,3692,65,60.0,01,2022
AR,DE,84141089,1,e1,u10,202201,1097,25,17.0,01,2022
AR,DE,87081090,1,e1,u11,202201,16533,579,0.0,01,2022
AR,DE,87082990,1,e1,u11,202201,6792,421,0.0,01,2022
AR,DE,87084050,1,e1,u11,202201,4673,302,0.0,01,2022
AR,DE,87088035,1,e1,u11,202201,38894,4845,0.0,01,2022
AR,DK,12024200,1,e1,u10,202201,48644,50000,0.0,01,2022
AR,DK,73042910,1,e1,u10,202201,21384,12480,0.0,01,2022
AR,DK,73079210,1,e1,u10,202201,22972,1020,0.0,01,2022
AR,ES,03074392,1,e1,u11,202201,8408,1485,0.0,01,2022
AR,ES,07102200,1,e1,u11,202201,43617,46495,0.0,01,2022
AR,ES,07102900,1,e1,u11,202201,15487,16200,0.0,01,2022
AR,ES,08104030,1,e1,u11,202201,2901,240,0.0,01,2022
AR,ES,08132000,1,e1,u11,202201,4140,1152,0.0,01,2022
AR,ES,09030000,1,e1,u10,202201,2761,1028,0.0,01,2022
AR,ES,16055400,1,e1,u11,202201,1472,393,0.0,01,2022
AR,ES,22041011,1,e1,u11,202201,1708,818,877.0,01,2022
AR,ES,22042194,1,e1,u11,202201,2443,369,369.0,01,2022
AR,ES,22042196,1,e1,u11,202201,15367,6832,6830.0,01,2022
AR,ES,29362800,1,e1,u10,202201,2876,60,0.0,01,2022
AR,FR,03072290,1,e1,u11,202201,577061,51598,0.0,01,2022
AR,FR,07133390,1,e1,u10,202201,5746,3420,0.0,01,2022
AR,FR,19059070,1,e1,u11,202201,4174,286,0.0,01,2022
AR,FR,20093939,1,e1,u11,202201,49400,19760,0.0,01,2022
AR,FR,22041098,1,e1,u11,202201,34910,6998,6997.0,01,2022
AR,FR,22042194,1,e1,u11,202201,179400,108036,108036.0,01,2022
AR,FR,22042195,1,e1,u11,202201,8422,1980,1980.0,01,2022
AR,FR,22042196,1,e1,u11,202201,69230,18362,18358.0,01,2022
AR,FR,22042198,1,e1,u11,202201,43675,5325,5322.0,01,2022
AR,FR,28369100,1,e1,u11,202201,347200,15000,0.0,01,2022
AR,FR,64039993,1,e1,u11,202201,1349,1,1.0,01,2022
